gene,connectivity,dynamicColors,moduleColors,moduleLabels
Cacna1e,83.80896283976963,brown,brown,1
Pclo,83.3948484728265,brown,brown,1
Slc4a8,83.36538244498169,brown,brown,1
Slc9a7,80.48459104852643,brown,brown,1
Grin2a,76.240252271111,brown,brown,1
Kif1b,75.51187095913738,brown,brown,1
Slc7a14,75.17671934656737,brown,brown,1
Tnr,74.8465449843862,brown,brown,1
Grm5,73.5274001358842,brown,brown,1
Atxn1,73.1464067896086,brown,brown,1
Ppp1r9a,72.95194549872144,brown,brown,1
Ubr4,72.81696680282967,brown,brown,1
Arfgef2,72.4966861715362,brown,brown,1
Tanc2,72.29964966759817,brown,brown,1
Wdfy3,71.91971709460151,brown,brown,1
Rbfox2,71.34796539852425,brown,brown,1
Myo5a,71.0984665150566,brown,brown,1
Slc1a2,70.41321612941655,brown,brown,1
Lrrc7,70.00073553455574,brown,brown,1
Mib1,69.84651228319454,brown,brown,1
Ino80d,68.21514368655666,brown,brown,1
Herc2,68.10237035624584,brown,brown,1
Stox2,67.63030459779267,brown,brown,1
Vps13d,67.50831513766717,brown,brown,1
Ankrd52,66.47533212328817,brown,brown,1
Tenm4,66.35249076282412,brown,brown,1
Golgb1,65.652380513322,brown,brown,1
Akap6,65.4315588956912,brown,brown,1
Srgap2,64.97588405339417,brown,brown,1
Erbb4,64.68488242278603,brown,brown,1
Ttbk2,64.31911127647797,brown,brown,1
Dgki,63.764279524515175,brown,brown,1
Srgap3,63.38202003877661,brown,brown,1
Cds2,63.3142598521528,brown,brown,1
Tnik,63.1935857405144,brown,brown,1
Ptprt,63.10521755247118,brown,brown,1
Hcfc1,62.93164059413672,brown,brown,1
Nr2c2,62.80151411649806,brown,brown,1
Kcnq2,62.70128082748406,brown,brown,1
Plec,62.60942392159105,brown,brown,1
Grik3,62.32601839118303,brown,brown,1
Plxna2,61.46433132718686,brown,brown,1
Mecp2,61.33535906405308,brown,brown,1
Snx30,61.22278883302776,brown,brown,1
Dlgap2,60.95852661076894,brown,brown,1
Trrap,60.89744888899739,brown,brown,1
Bmpr2,60.837931326837136,brown,brown,1
Bsn,60.78483674034336,brown,brown,1
Cmtm4,60.7371795188964,brown,brown,1
Scn8a,60.218521456189436,brown,brown,1
Klhl11,59.67484789401347,brown,brown,1
Erc1,59.63323705377131,brown,brown,1
Glg1,59.479004984238415,brown,brown,1
Kcna3,59.47349941951412,brown,brown,1
Bicd1,59.44806943460173,brown,brown,1
Hipk2,59.43371475730927,brown,brown,1
Fzd3,59.223403344222795,brown,brown,1
Tcp11l1,58.72518562621548,brown,brown,1
Phlpp2,58.687356525988456,brown,brown,1
Ylpm1,58.45544099805567,brown,brown,1
Rabgap1l,58.15158315913156,brown,brown,1
Dgke,57.88392047309584,brown,brown,1
Gabrb3,57.62737102835683,brown,brown,1
St8sia3,57.58199965136477,brown,brown,1
Htt,57.26978960602726,brown,brown,1
Dync1h1,57.13803552729505,brown,brown,1
Lrp1,56.76777494491313,brown,brown,1
Clmn,56.594428287631125,brown,brown,1
Phc3,56.506336120240185,brown,brown,1
Fut9,55.912055942381606,brown,brown,1
Add2,55.732439307386784,brown,brown,1
Tsc1,55.46672924713587,brown,brown,1
Ryr2,55.36584680317286,brown,brown,1
Grin2b,55.17041767198093,brown,brown,1
Insr,55.10092599343664,brown,brown,1
Kif21b,54.90533377532285,brown,brown,1
Nsd1,54.70640727355335,brown,brown,1
Kcnma1,54.43399464604736,brown,brown,1
Fry,54.241654731204086,brown,brown,1
Taok1,54.16948006661141,brown,brown,1
Spock2,53.950054969052005,brown,brown,1
Chd2,53.79069423648419,brown,brown,1
Rnf150,53.66431931761644,brown,brown,1
Dlg3,53.478761899556275,brown,brown,1
Itsn1,53.07550278534253,brown,brown,1
Arrb1,53.01552305451244,brown,brown,1
Chd5,52.87133828341251,brown,brown,1
Magi1,52.67644262238771,brown,brown,1
Kctd16,52.63633628155862,brown,brown,1
Dnajb14,51.918595484950465,brown,brown,1
Map2,51.59094174621429,brown,brown,1
Faxc,51.473827983195264,brown,brown,1
Sesn3,51.22922706438975,brown,brown,1
Whsc1l1,50.92166339099081,brown,brown,1
Kcnk9,50.911515184934125,brown,brown,1
Csmd1,50.62438734731391,brown,brown,1
Kcna2,50.55344359188971,brown,brown,1
Celsr2,49.87355832927906,brown,brown,1
Rab3c,49.82692481469934,brown,brown,1
Pkd1,49.16104950682574,brown,brown,1
Arhgap26,48.91661528138511,brown,brown,1
Kcnh7,48.911188082161814,brown,brown,1
Palm2,48.75490825489665,brown,brown,1
Macf1,48.65750972434384,brown,brown,1
Fat3,48.41989020102737,brown,brown,1
Rgs7bp,48.090090609556185,brown,brown,1
Xkr4,47.90211779254435,brown,brown,1
Gnaq,47.88108916090394,brown,brown,1
Mlec,47.7562639029215,brown,brown,1
Spin1,47.74220050555453,brown,brown,1
Igf1r,47.69846625810609,brown,brown,1
Stxbp5l,47.58525765663429,brown,brown,1
Gabrb1,47.365946385878374,brown,brown,1
Flrt1,47.340677364871375,brown,brown,1
Nav3,47.09969283688193,brown,brown,1
Limch1,46.754417467354116,brown,brown,1
Akap9,46.421024910459145,brown,brown,1
Gatad2b,46.34695097398544,brown,brown,1
Med12l,46.339155322186905,brown,brown,1
Caln1,46.31621188620367,brown,brown,1
Napb,46.09762494849213,brown,brown,1
Ppargc1b,45.974583876954334,brown,brown,1
Gucy1a2,45.915795510943255,brown,brown,1
Kcnq3,45.68220005713705,brown,brown,1
Itga1,45.17981600819129,brown,brown,1
Ogfod1,45.17788495928318,brown,brown,1
Ncoa2,44.97619181666933,brown,brown,1
Pde4dip,44.83945113924862,brown,brown,1
Zfp483,44.608665852797444,brown,brown,1
Clpb,44.566364759890575,brown,brown,1
Igf2r,44.31547195633918,brown,brown,1
Lnpep,43.93402174013336,brown,brown,1
Fem1b,43.751339743597036,brown,brown,1
Lpp,43.65346418262543,brown,brown,1
Atp2b3,43.64292447359758,brown,brown,1
Stxbp5,43.546959888626084,brown,brown,1
Sel1l,43.43112320537482,brown,brown,1
Tmem132b,43.10466098588829,brown,brown,1
Vcpip1,42.96991448755616,brown,brown,1
Efnb2,42.768932536609526,brown,brown,1
Clstn2,42.72144709421222,brown,brown,1
Dok6,42.68352208384275,brown,brown,1
Sptb,42.5952396726595,brown,brown,1
Rab11fip4,42.33740841822195,brown,brown,1
Mycbp2,42.31967189778939,brown,brown,1
Slc5a3,42.15210916993271,brown,brown,1
Mmp16,42.00900608536158,brown,brown,1
Cdc42bpa,41.75403070023868,brown,brown,1
Lyst,41.51532380097461,brown,brown,1
Pdzd2,41.45680762430714,brown,brown,1
Ank3,40.79852696227749,brown,brown,1
Tnks,40.79752950696934,brown,brown,1
RGD1565819,40.72059880588699,brown,brown,1
Ago3,40.54613811037516,brown,brown,1
Exoc8,40.4473852497559,brown,brown,1
Ago1,40.101624354341396,brown,brown,1
Lifr,40.0947523495251,brown,brown,1
Prdm11,40.028984436277355,brown,brown,1
Tnrc18,39.96423025131168,brown,brown,1
Grm3,39.91142372165659,brown,brown,1
Arhgef12,39.33999689166737,brown,brown,1
Tppp,39.187197752928505,brown,brown,1
Akap5,39.11762955298488,brown,brown,1
Smcr8,38.941862086245905,brown,brown,1
Purb,38.86840674768191,brown,brown,1
Man1a2,38.85518533631918,brown,brown,1
Ttbk1,38.81494960787393,brown,brown,1
Mapk1ip1l,38.15330100566785,brown,brown,1
Cadm2,38.08965856923742,brown,brown,1
Prkar2a,37.95698223464616,brown,brown,1
Ip6k1,37.92294674447505,brown,brown,1
Prex2,37.909605752115745,brown,brown,1
Myt1l,37.702600457205484,brown,brown,1
Slc38a1,37.52670854235432,brown,brown,1
Thsd7a,37.35969645000143,brown,brown,1
Cbfa2t2,37.31303850449854,brown,brown,1
Peak1,37.09316158195302,brown,brown,1
Uggt1,37.07474520429256,brown,brown,1
Dlg2,36.779713009174074,brown,brown,1
Map1b,36.75663296873558,brown,brown,1
Pdpk1,36.34754146714016,brown,brown,1
Mllt4,36.3402055683407,brown,brown,1
Abcc1,36.19841590275229,brown,brown,1
Gsk3b,36.079159090458944,brown,brown,1
Erc2,35.945433438670044,brown,brown,1
Pex5l,35.83307913349757,brown,brown,1
Sh3pxd2a,35.765333806299445,brown,brown,1
Ccdc50,35.54489732042073,brown,brown,1
Kcnb1,35.447713816084025,brown,brown,1
Celsr3,34.99089731196176,brown,brown,1
Pik3c2b,34.984441605992245,brown,brown,1
Edem3,34.93664285440568,brown,brown,1
Ubr2,34.89892029778414,brown,brown,1
Kif5c,34.83315183766013,brown,brown,1
Gtf3c4,34.427706054642755,brown,brown,1
Rap2a,34.26031121649553,brown,brown,1
Ubn2,34.17079129573829,brown,brown,1
Oprm1,33.99656505517188,brown,brown,1
Baz2a,33.87011906882054,brown,brown,1
Acap2,33.696301710501615,brown,brown,1
Uhmk1,33.68079896337855,brown,brown,1
Nf1,33.568833900647334,brown,brown,1
Synj1,33.435293057262676,brown,brown,1
Slc39a9,33.32520280530751,brown,brown,1
Ntrk3,33.24885351640165,brown,brown,1
Gan,33.174999821034724,brown,brown,1
Prrc2c,32.861958166519216,brown,brown,1
Prdm2,32.420396070073224,brown,brown,1
Nrxn3,32.285997961033594,brown,brown,1
Zfp652,32.066797545857156,brown,brown,1
Klhdc10,31.87459592677722,brown,brown,1
Acvr2b,31.86148896302314,brown,brown,1
Dnmt3a,31.853493713588446,brown,brown,1
Cdyl2,31.751314975979408,brown,brown,1
Csrnp3,31.7026478480578,brown,brown,1
Ptprg,31.58744983065598,brown,brown,1
Syn3,31.561704679661073,brown,brown,1
Fnbp1l,31.47618839340297,brown,brown,1
RGD1563986,31.243754970153052,brown,brown,1
Asb1,31.024344945595963,brown,brown,1
Rasal2,30.8881922429502,brown,brown,1
Megf9,30.256977280263865,brown,brown,1
Pcdh7,30.172339888470315,brown,brown,1
Hecw2,29.95995434290414,brown,brown,1
Kcnh5,29.74781467244824,brown,brown,1
Pip4k2b,29.716349004613527,brown,brown,1
Abi2,29.484514585154013,brown,brown,1
Myo9a,29.215853007144673,brown,brown,1
Abl2,29.011511858165377,brown,brown,1
Kbtbd11,29.007722023111977,brown,brown,1
Aff1,28.85248054139593,brown,brown,1
Rai1,28.835337302970593,brown,brown,1
Ddi2,28.749406237819258,brown,brown,1
Ep400,28.58654961142653,brown,brown,1
Slc35e2b,28.564257486035377,brown,brown,1
Cpeb4,28.455833410062684,brown,brown,1
Nrp1,28.26959130562749,brown,brown,1
Lsm11,28.078773150958213,brown,brown,1
Dcp1a,28.057544648923603,brown,brown,1
Rnf144a,28.011184483040342,brown,brown,1
Sec16a,27.95448184603181,brown,brown,1
Dcbld2,27.94529369535129,brown,brown,1
Robo1,27.93829427007604,brown,brown,1
Enah,27.874323836275877,brown,brown,1
Helz,27.628410309319996,brown,brown,1
Clip1,27.59997408443751,brown,brown,1
Zbtb40,27.429204806063936,brown,brown,1
Rhbdl3,27.416446665457,brown,brown,1
Klhl42,27.409183536274114,brown,brown,1
Ncor1,27.28003757444253,brown,brown,1
Slc6a6,27.241624623287702,brown,brown,1
Birc6,27.240499106759263,brown,brown,1
Baz2b,27.160762098209027,brown,brown,1
Zbtb39,26.98828396418456,brown,brown,1
Rfx3,26.88366025377366,brown,brown,1
Srrm2,26.222806643362517,brown,brown,1
Rgs17,26.2106572293407,brown,brown,1
Unc5d,26.148749535568747,brown,brown,1
Ago2,25.979794203679177,brown,brown,1
Lnc001,25.9268601947301,brown,brown,1
Slc8a1,25.889067788729356,brown,brown,1
Pcdh17,25.703586758580922,brown,brown,1
Spata13,25.54256547317268,brown,brown,1
Frmd4a,25.434535901469253,brown,brown,1
Lrp1b,25.36719375277745,brown,brown,1
Hivep2,25.365554201683157,brown,brown,1
Wipi2,25.262009678270676,brown,brown,1
Ppp1r12b,25.2080368360566,brown,brown,1
Clcn5,25.053491437028356,brown,brown,1
Fbxo42,24.752361888177166,brown,brown,1
Peg3,24.688670454810435,brown,brown,1
Zfhx4,24.180380333408724,brown,brown,1
Pde10a,24.170537105441998,brown,brown,1
Phka2,24.14759320695479,brown,brown,1
Med1,24.02772925057788,brown,brown,1
Neto1,23.9494172112126,brown,brown,1
Lrp6,23.837525671914335,brown,brown,1
Tnrc6b,23.711783330322568,brown,brown,1
Fras1,23.70844706389542,brown,brown,1
Alg10,23.64774050721564,brown,brown,1
Fat4,23.50184151192384,brown,brown,1
Dcp2,23.459965205296538,brown,brown,1
Gabrb2,23.41593369243782,brown,brown,1
Trip11,23.401327094922927,brown,brown,1
Notch1,23.14256033957927,brown,brown,1
Rc3h2,23.111104098530454,brown,brown,1
Gtf3c1,22.939285854881064,brown,brown,1
Slc30a10,22.856158317148495,brown,brown,1
Prkca,22.74557036583124,brown,brown,1
Zkscan1,22.67304649620607,brown,brown,1
Mpdz,22.592392570311098,brown,brown,1
Ptprj,22.48862493287857,brown,brown,1
Dcc,22.476907707721594,brown,brown,1
Amer1,22.449242843870618,brown,brown,1
Rnf217,22.388977020051307,brown,brown,1
Wnk3,22.360316814380386,brown,brown,1
Abcc10,22.292625828858245,brown,brown,1
Celf2,22.26020907599311,brown,brown,1
Zbtb41,22.165274514143885,brown,brown,1
Zfp609,22.139853747443482,brown,brown,1
Kcng3,22.131346884445225,brown,brown,1
Usp34,21.99681538036297,brown,brown,1
Prkaa2,21.973085430165987,brown,brown,1
Ubr1,21.837520880912784,brown,brown,1
Pcdh15,21.773536341248946,brown,brown,1
Gria1,21.69345529567699,brown,brown,1
Creb1,21.677831792956752,brown,brown,1
Vti1a,21.572882090796746,brown,brown,1
Cpd,21.458518727683405,brown,brown,1
Tcf20,21.412848407383773,brown,brown,1
Plxdc2,21.20583330946956,brown,brown,1
Ppp1r12a,21.156790234929357,brown,brown,1
Flrt2,21.031630769459667,brown,brown,1
Cntnap5b,20.94456476231423,brown,brown,1
Sptlc2,20.589492238128223,brown,brown,1
Ppm1h,20.54908927781099,brown,brown,1
Fam199x,20.53947596046264,brown,brown,1
Pus10,20.521764197582293,brown,brown,1
Smad5,20.495926942084214,brown,brown,1
Tmem181,20.261905577753392,brown,brown,1
F8,20.046289328898087,brown,brown,1
Cacna2d1,20.03695188223854,brown,brown,1
Cacnb4,20.023347631720828,brown,brown,1
Samd5,20.01155390978089,brown,brown,1
Kirrel,19.970328822667533,brown,brown,1
Rad54l2,19.885947146620058,brown,brown,1
Ankrd17,19.697596584325094,brown,brown,1
Cadm1,19.67491641743078,brown,brown,1
Unc79,19.59098565701898,brown,brown,1
Kpna1,19.58789444458501,brown,brown,1
Chd8,19.563177283930195,brown,brown,1
H6pd,19.535099964896286,brown,brown,1
Trim44,19.523080985955655,brown,brown,1
Runx1t1,19.5000179226636,brown,brown,1
Lpin1,19.46179711002247,brown,brown,1
Fam126b,19.322652254352683,brown,brown,1
Plcg1,19.288792405857606,brown,brown,1
Rab27b,19.144665032284667,brown,brown,1
Hif1an,19.136663927337107,brown,brown,1
Glra3,19.110973666514752,brown,brown,1
Utrn,19.008108238907457,brown,brown,1
Atf6,18.96314573635131,brown,brown,1
Pak3,18.93138808049467,brown,brown,1
Itpkb,18.89705300449039,brown,brown,1
Zhx3,18.73906122643839,brown,brown,1
Ghrl,18.683161887175405,brown,brown,1
Kcnf1,18.6403309244775,brown,brown,1
Cacna1c,18.63140340916185,brown,brown,1
Adra1a,18.558689800179913,brown,brown,1
P2ry4,18.507400790041075,brown,brown,1
Foxn3,18.456342669828196,brown,brown,1
Strn,18.450879844016082,brown,brown,1
Mdm4,17.9126748366632,brown,brown,1
B3gnt6,17.786490159461753,brown,brown,1
Fam120a,17.6276597204726,brown,brown,1
Kdm2a,17.587407910168267,brown,brown,1
Tmem170b,17.55801039532254,brown,brown,1
Stard7,17.461807870349443,brown,brown,1
Gabrg3,17.456094556126747,brown,brown,1
Pag1,17.447096315863817,brown,brown,1
Unc13b,17.43114422922984,brown,brown,1
Tsc22d2,17.41558348730619,brown,brown,1
Gda,17.378393313611546,brown,brown,1
Hook3,17.244894477467703,brown,brown,1
Abl1,17.11556943466752,brown,brown,1
Scaf8,17.115026413078578,brown,brown,1
Slk,17.063158619350535,brown,brown,1
Ntn1,17.022976909730364,brown,brown,1
Adar,17.01923049446801,brown,brown,1
Klf12,16.962079701696403,brown,brown,1
Lancl3,16.901726121113633,brown,brown,1
Eno4,16.8654387380493,brown,brown,1
Scaf4,16.82942303656746,brown,brown,1
Ptprf,16.790259585286915,brown,brown,1
Nhlrc2,16.741538067248133,brown,brown,1
Snrnp70,16.681072684743903,brown,brown,1
Ypel2,16.630916748899992,brown,brown,1
Celf1,16.60592154478824,brown,brown,1
Nin,16.538478672249987,brown,brown,1
Gltscr1l,16.52709641669383,brown,brown,1
Dot1l,16.524944389113767,brown,brown,1
Atrn,16.320853512913605,brown,brown,1
Acox3,16.244923935052196,brown,brown,1
Cblb,16.226850562140473,brown,brown,1
Map3k2,16.14688119101847,brown,brown,1
Xkr7,15.994762751983165,brown,brown,1
Capns2,15.994547174546447,brown,brown,1
Ankle2,15.95632048563385,brown,brown,1
Dstyk,15.94261724525673,brown,brown,1
Lurap1,15.770368028682455,brown,brown,1
Raph1,15.7490369973588,brown,brown,1
Gon4l,15.733602841016458,brown,brown,1
Fat1,15.665604434995963,brown,brown,1
Zfyve26,15.657743879660288,brown,brown,1
Tmf1,15.613345620487987,brown,brown,1
Nkain3,15.451682883476893,brown,brown,1
Luc7l2,15.361696916721097,brown,brown,1
Prkab2,15.231244879925256,brown,brown,1
Prkch,15.151806180210723,brown,brown,1
Trank1,15.136108209889903,brown,brown,1
Atf7,15.041242343840496,brown,brown,1
Zfp597,15.009765712315424,brown,brown,1
Acvr1c,14.976962983622965,brown,brown,1
Nek2,14.914620610995915,brown,brown,1
Megf8,14.904581439519209,brown,brown,1
Rorb,14.853025082697968,brown,brown,1
Baz1b,14.832111175251013,brown,brown,1
Exoc4,14.82561760865211,brown,brown,1
Usp48,14.743867180336567,brown,brown,1
Samd15,14.601846996543404,brown,brown,1
RGD1562865,14.546616552343359,brown,brown,1
Setd7,14.499237983661404,brown,brown,1
Whsc1,14.376027785716406,brown,brown,1
Arl5b,14.318096224722954,brown,brown,1
Mprip,14.300382396408473,brown,brown,1
Kb15,14.24914199474723,brown,brown,1
Pdpr,14.025213784669157,brown,brown,1
Scube3,13.969250088324248,brown,brown,1
Kidins220,13.928245820505675,brown,brown,1
Pgap1,13.85501860993442,brown,brown,1
Samd8,13.838764474804124,brown,brown,1
Il17rd,13.829886464915369,brown,brown,1
Col27a1,13.767981700431537,brown,brown,1
Fndc3b,13.74208454447094,brown,brown,1
Edc4,13.636488272790055,brown,brown,1
Hdx,13.606650134156986,brown,brown,1
Gabre,13.453560894727977,brown,brown,1
Lrrk2,13.443516773738642,brown,brown,1
Crb2,13.419161642890188,brown,brown,1
C2cd2,13.37235453429899,brown,brown,1
Tmem214,13.348199112553232,brown,brown,1
Prpf8,13.276255497226977,brown,brown,1
RGD1565410,13.200709520268934,brown,brown,1
Cacna1h,13.194000905240017,brown,brown,1
Gpr89b,13.157690422525972,brown,brown,1
RGD1565283,13.140080602912422,brown,brown,1
Trim67,13.02241672201508,brown,brown,1
Sntb2,12.992556812252204,brown,brown,1
Arhgap20,12.881140414174965,brown,brown,1
Setd5,12.877041312222515,brown,brown,1
Kif26b,12.833567676158513,brown,brown,1
Helz2,12.808077952337628,brown,brown,1
Kcnn3,12.795365167776534,brown,brown,1
Tyk2,12.743328300088923,brown,brown,1
Sytl5,12.737919019127492,brown,brown,1
Ncam1,12.684667649127604,brown,brown,1
Ap1g1,12.646163226162889,brown,brown,1
Dip2c,12.639861759497734,brown,brown,1
Pi4k2a,12.607841524430146,brown,brown,1
Usp24,12.590202252403982,brown,brown,1
Atp2a2,12.566683701798237,brown,brown,1
Astn1,12.523734204888665,brown,brown,1
Sstr3,12.51665621182528,brown,brown,1
Shisa6,12.470870239514673,brown,brown,1
Slc4a7,12.457264772545434,brown,brown,1
Hcrt,12.356083582892667,brown,brown,1
RGD1309350,12.273617372169698,brown,brown,1
RT1-T24-2,12.235167729457828,brown,brown,1
Lnc012,12.223049772318397,brown,brown,1
Ttc39b,12.19287443098362,brown,brown,1
Txlna,12.15375665667256,brown,brown,1
Usp36,12.145292074937188,brown,brown,1
Cers4,12.138269202346669,brown,brown,1
Invs,12.120560259364588,brown,brown,1
Cnot1,12.03467829805559,brown,brown,1
Arid3a,11.972266775313638,brown,brown,1
Zfp709l1,11.95569547672079,brown,brown,1
Bub1b,11.928643128327643,brown,brown,1
Shprh,11.91881975615443,brown,brown,1
Miat,11.810351280855429,brown,brown,1
Defb27,11.769493242490523,brown,brown,1
Mir3072,11.718811678875976,brown,brown,1
Pcdhga12,11.679690932126146,brown,brown,1
Sestd1,11.606962963983273,brown,brown,1
Tead1,11.548366573952878,brown,brown,1
Tmem2,11.512918780491605,brown,brown,1
Urb1,11.392365196950735,brown,brown,1
Olr63,11.389640495878792,brown,brown,1
Klf5,11.245340176291183,brown,brown,1
Mir770,11.23773747124784,brown,brown,1
Mtmr4,11.181603387982225,brown,brown,1
Epm2a,11.112129731983892,brown,brown,1
Agps,11.08096407693529,brown,brown,1
Nfya,11.078457858500471,brown,brown,1
Traf6,11.072063588497677,brown,brown,1
Gje1,11.03749063944521,brown,brown,1
Mical3,10.989568011598838,brown,brown,1
Akap10,10.951909267632999,brown,brown,1
Sema5b,10.929703083518811,brown,brown,1
Pcdha3,10.885117370469725,brown,brown,1
Hephl1,10.814590367782438,brown,brown,1
Pde7b,10.788280925684049,brown,brown,1
Pou2f1,10.720080740393687,brown,brown,1
Pqlc2,10.70719197809403,brown,brown,1
Ctf1,10.700503864719416,brown,brown,1
Msl1,10.680588405452466,brown,brown,1
Nfia,10.558380664023037,brown,brown,1
Camk2d,10.551051525725363,brown,brown,1
Dntt,10.485953755303811,brown,brown,1
Itga4,10.449024439144939,brown,brown,1
Grik2,10.431583680836539,brown,brown,1
Zfp512b,10.418715241077733,brown,brown,1
Adamts18,10.413687005476683,brown,brown,1
Dpep2,10.4134642016193,brown,brown,1
Atp6v1b1,10.401522358218745,brown,brown,1
Sphkap,10.394560257198966,brown,brown,1
Lmnb2,10.313977421497077,brown,brown,1
Mir149,10.312190770396523,brown,brown,1
Tdrd6,10.278683535391169,brown,brown,1
Ppp3ca,10.238003564518369,brown,brown,1
Lkaaear1,10.19414809114588,brown,brown,1
Kdm1b,10.110891408174814,brown,brown,1
Calm1,10.106545695575106,brown,brown,1
Cdk13,10.07771720982257,brown,brown,1
Camta1,10.028044335641884,brown,brown,1
Ndst3,10.004961974283967,brown,brown,1
Dkk3,9.963210582082574,brown,brown,1
Pde1a,9.906394379329363,brown,brown,1
Glrb,9.901658626533857,brown,brown,1
Kpna6,9.899378988023942,brown,brown,1
Zmym3,9.898498551474095,brown,brown,1
Cxadr,9.877539935777081,brown,brown,1
RGD1304810,9.87165903291222,brown,brown,1
Hpgd,9.763225944989722,brown,brown,1
Arl5a,9.750396532921322,brown,brown,1
Sfmbt1,9.74441414549082,brown,brown,1
LOC361646,9.721662025598574,brown,brown,1
Prr19,9.674385861454178,brown,brown,1
Chst7,9.667012800637508,brown,brown,1
Raver1,9.625903084500022,brown,brown,1
Pogz,9.550186645462539,brown,brown,1
Scn3b,9.517084635589113,brown,brown,1
Zbtb44,9.504165398502977,brown,brown,1
Nkiras1,9.501144062360869,brown,brown,1
Hmcn1,9.493205819516124,brown,brown,1
Dync2h1,9.455543196253643,brown,brown,1
Tgm3,9.451393566111214,brown,brown,1
Samd12,9.428479042164918,brown,brown,1
Mas1,9.407678367589687,brown,brown,1
Aspm,9.388332272025309,brown,brown,1
Chrm3,9.285729413839626,brown,brown,1
Hs6st3,9.284744340749484,brown,brown,1
Bche,9.26110288980921,brown,brown,1
Pde5a,9.20911435074541,brown,brown,1
Il1rapl1,9.169638329010528,brown,brown,1
Cd274,9.046781980092046,brown,brown,1
Mphosph9,9.03355770875674,brown,brown,1
Pcyt1b,9.016381869840345,brown,brown,1
Slc4a11,9.01353634547294,brown,brown,1
Sdad1,9.006814613269622,brown,brown,1
Mcc,9.003391359954858,brown,brown,1
Dok2,8.95119743503269,brown,brown,1
Iws1,8.930341213689879,brown,brown,1
Ttll13,8.899525855960032,brown,brown,1
Prdm4,8.841076217863517,brown,brown,1
Pcyt1a,8.830270051218521,brown,brown,1
RGD1560289,8.815874856683868,brown,brown,1
Atp13a3,8.793204765162988,brown,brown,1
Pias1,8.668868996915483,brown,brown,1
Slc26a10,8.638745503793539,brown,brown,1
Kcnv1,8.609362214607877,brown,brown,1
Shroom4,8.599094190427033,brown,brown,1
Jade3,8.586307010964596,brown,brown,1
RT1-M10-1,8.550065855027784,brown,brown,1
Map3k3,8.545696660718429,brown,brown,1
Ddx6,8.502964391172931,brown,brown,1
Kynu,8.496573489776733,brown,brown,1
Dph1,8.490838428344675,brown,brown,1
Ptgir,8.420034161434495,brown,brown,1
Hdac9,8.398268323597957,brown,brown,1
Ube2z,8.371512509312259,brown,brown,1
Cacna2d3,8.366737957080348,brown,brown,1
Trim58,8.291681129504447,brown,brown,1
Lmo7,8.191346290158956,brown,brown,1
Mesdc1,8.179491034897364,brown,brown,1
Magee1,8.171331004665983,brown,brown,1
Dpy19l3,8.16969324770934,brown,brown,1
Zbtb49,8.147501820371293,brown,brown,1
Col4a3,8.132091754580895,brown,brown,1
Dusp2,8.085969987174296,brown,brown,1
Ern1,8.057358212932805,brown,brown,1
Racgap1,8.035023740138469,brown,brown,1
Gja4,8.021174334586401,brown,brown,1
Ctla4,7.960723029443635,brown,brown,1
Ap4e1,7.946288852907153,brown,brown,1
Zbtb37,7.873082959556929,brown,brown,1
Sim2,7.86917699639059,brown,brown,1
Hic2,7.837657590418897,brown,brown,1
Hist1h2an,7.784835343538995,brown,brown,1
Gnb4,7.779942673865882,brown,brown,1
Ptchd1,7.714258292059613,brown,brown,1
Xrn1,7.679036454941676,brown,brown,1
Rnd1,7.6449003357809024,brown,brown,1
Ston2,7.640380110649051,brown,brown,1
Pet100,7.6359756299163575,brown,brown,1
Plxna3,7.6032173146244135,brown,brown,1
Lig3,7.584462398166989,brown,brown,1
Prr22,7.521296115360993,brown,brown,1
Klhl15,7.5172722039625155,brown,brown,1
RGD1565616,7.51016706631162,brown,brown,1
Spry3,7.459769701514679,brown,brown,1
Clec1b,7.444892259441976,brown,brown,1
Rnf126,7.441439288451586,brown,brown,1
Iyd,7.431093145991001,brown,brown,1
Heatr5b,7.416347584937728,brown,brown,1
Mtx1,7.376117011026354,brown,brown,1
Hoxc10,7.303000578113106,brown,brown,1
RGD1308065,7.290500861558499,brown,brown,1
Rapgef6,7.248550324310095,brown,brown,1
Foxj2,7.23635213957398,brown,brown,1
Gli3,7.214603791335273,brown,brown,1
Mir194-1,7.187994908115042,brown,brown,1
Zbtb38,7.178932051246686,brown,brown,1
Ttll9,7.15180432004531,brown,brown,1
Dgkg,7.135237039939649,brown,brown,1
Ror2,7.119953386284169,brown,brown,1
Olr1528,7.10770534364819,brown,brown,1
Tmprss7,7.075816580594309,brown,brown,1
Cdc45,7.0670990116245,brown,brown,1
Lrat,7.055476688499963,brown,brown,1
Krt36,7.054723804029456,brown,brown,1
Mxd1,6.995818373680139,brown,brown,1
Rnf111,6.983801432568065,brown,brown,1
Lrfn1,6.963953151010777,brown,brown,1
Zfp398,6.95480538539391,brown,brown,1
Dlc1,6.919514158624708,brown,brown,1
LOC688390,6.8776200265755945,brown,brown,1
Tarsl2,6.756705945731232,brown,brown,1
Dlgap3,6.729100835710877,brown,brown,1
Ints10,6.646831478971337,brown,brown,1
Chrna5,6.607758155355157,brown,brown,1
Leng8,6.598578558708329,brown,brown,1
Myo3b,6.539065599595989,brown,brown,1
Egfem1,6.530849011304411,brown,brown,1
Hmox2,6.520014113968818,brown,brown,1
Mir425,6.443620578191413,brown,brown,1
Hyal1,6.43546687175871,brown,brown,1
Rbm26,6.345982405173589,brown,brown,1
Zgpat,6.333791347177553,brown,brown,1
Usp51,6.3258985233031515,brown,brown,1
Mypop,6.3243137337583155,brown,brown,1
Ccnl2,6.295136273122422,brown,brown,1
Sele,6.255927118925823,brown,brown,1
Tead2,6.20341209427759,brown,brown,1
Pank2,6.168886012685292,brown,brown,1
Mir2985,6.132064837721393,brown,brown,1
Kcnk10,6.127708533859614,brown,brown,1
Vwf,6.110480543986659,brown,brown,1
Stard4,6.097920797917507,brown,brown,1
Man1a1,6.004259638803076,brown,brown,1
Rxrb,5.948972064327944,brown,brown,1
Cd34,5.9205087207578675,brown,brown,1
Myo7b,5.875183336921055,brown,brown,1
Klhl28,5.870667523364978,brown,brown,1
Sypl2,5.828167163383163,brown,brown,1
Prpf18,5.814899345386461,brown,brown,1
Kremen1,5.801649798568617,brown,brown,1
Plcl2,5.773650738034466,brown,brown,1
Fgfbp1,5.743470282236611,brown,brown,1
RGD1359449,5.719514154551658,brown,brown,1
Tspyl2,5.718055652110159,brown,brown,1
Pigl,5.706458114658893,brown,brown,1
Arrdc3,5.66562201821874,brown,brown,1
Dhx8,5.650278087473802,brown,brown,1
Odf3,5.6114856959522745,brown,brown,1
Rilpl1,5.584163353767869,brown,brown,1
Rbm11,5.573369975830181,brown,brown,1
Prdm9,5.533144150738492,brown,brown,1
Cyb5d1,5.530193314810656,brown,brown,1
F2rl2,5.361041456511899,brown,brown,1
Zmynd10,5.349380807524652,brown,brown,1
Tada2b,5.33815065295296,brown,brown,1
Snai3,5.320992951312694,brown,brown,1
Pds5a,5.320802147113605,brown,brown,1
Sod2,5.316603347216441,brown,brown,1
Kif13b,5.305426867325901,brown,brown,1
Iqgap3,5.282119340128219,brown,brown,1
Zfp112,5.266021404624003,brown,brown,1
RGD1561676,5.228978566213772,brown,brown,1
Tdh,5.155169044682281,brown,brown,1
Pex1,5.124828487141258,brown,brown,1
Col4a4,5.088489530865495,brown,brown,1
Nr4a3,5.02968718005032,brown,brown,1
Gmeb1,5.007770899718744,brown,brown,1
Cldn22,5.007705748307869,brown,brown,1
Inafm1,4.982172775647994,brown,brown,1
Vom2r12,4.966523915545189,brown,brown,1
Dnah1,4.9457881817547635,brown,brown,1
Rhag,4.9405064888504535,brown,brown,1
Wdr93,4.916694453630656,brown,brown,1
Rundc3b,4.915574034481073,brown,brown,1
Pou3f4,4.9022605134255075,brown,brown,1
Sos1,4.88863039651052,brown,brown,1
Bag5,4.8816038825182,brown,brown,1
Grin3a,4.879564671640063,brown,brown,1
RGD1566401,4.863885983673614,brown,brown,1
Cd28,4.832152810512059,brown,brown,1
Scarf1,4.770909084991191,brown,brown,1
Atg7,4.763314989016436,brown,brown,1
Wfdc9,4.716129905811541,brown,brown,1
Fmc1,4.709371601787558,brown,brown,1
Max,4.703232459602296,brown,brown,1
Mir3068,4.699073337175372,brown,brown,1
Pglyrp1,4.686665629438091,brown,brown,1
Myh9,4.671009106825027,brown,brown,1
Ifit1,4.646767986549238,brown,brown,1
Camkk1,4.630855280129337,brown,brown,1
P4ha3,4.59283223135924,brown,brown,1
Cd300e,4.581803622295763,brown,brown,1
Cttnbp2,4.579040677711613,brown,brown,1
Uba52,4.564093407479714,brown,brown,1
Gpr12,4.541742197454027,brown,brown,1
Mthfd1l,4.537169565702381,brown,brown,1
Tmprss6,4.521222416157123,brown,brown,1
Cntnap5a,4.4977609463471975,brown,brown,1
Slc12a6,4.485431006458186,brown,brown,1
Rnf144b,4.482794430758855,brown,brown,1
Sepw1,4.425821627823471,brown,brown,1
Xpnpep3,4.419943631170294,brown,brown,1
F8a1,4.417670421239266,brown,brown,1
Fam57b,4.387188106933167,brown,brown,1
Kcnj3,4.368374033637317,brown,brown,1
Ttc4,4.3357555189961925,brown,brown,1
Hsd11b1,4.318696103420493,brown,brown,1
Arl14,4.298957374267475,brown,brown,1
Rasgrp4,4.294660488686687,brown,brown,1
Catsperg1,4.279272826596605,brown,brown,1
Hoxb13,4.276382859510083,brown,brown,1
Cysltr1,4.218708356541561,brown,brown,1
Polr2l,4.208296320208151,brown,brown,1
Alcam,4.200814291581158,brown,brown,1
Noc2l,4.193272589186235,brown,brown,1
Nt5c1b,4.163396989249406,brown,brown,1
Scarb2,4.160557983566248,brown,brown,1
Etv5,4.158321663814308,brown,brown,1
Hgf,4.118641761998258,brown,brown,1
Kif2c,4.093600709840384,brown,brown,1
RGD1308106,4.088254858853338,brown,brown,1
Znrf4,4.0806289469225785,brown,brown,1
Mir143,4.07082015977092,brown,brown,1
LOC100911576,4.067596707953335,brown,brown,1
Myo1b,4.055284594374896,brown,brown,1
Luzp1,4.044097313189836,brown,brown,1
Pcdha13,4.024026240515297,brown,brown,1
Rnf2,4.020629422329454,brown,brown,1
Mir27b,4.014599795622625,brown,brown,1
Synm,3.976646406460244,brown,brown,1
Gnl1,3.975736347833586,brown,brown,1
P2rx6,3.9534765688106943,brown,brown,1
Purg,3.8769848984070046,brown,brown,1
RT1-S2,3.8680735179025056,brown,brown,1
Spred1,3.8635847887286587,brown,brown,1
Hist1h2bk,3.8336525828200605,brown,brown,1
Alg2,3.804327013061038,brown,brown,1
Romo1,3.7793001550890994,brown,brown,1
Ccdc19,3.7655285093755038,brown,brown,1
Ndc80,3.7384171282124314,brown,brown,1
Cyp26b1,3.732038415833275,brown,brown,1
Ccr3,3.709622346695275,brown,brown,1
Mboat1,3.624210913138459,brown,brown,1
Haus1,3.6070388363176957,brown,brown,1
Zdhhc19,3.575682172730101,brown,brown,1
Pvrl3,3.5642646947610173,brown,brown,1
Dnph1,3.5577838149492673,brown,brown,1
Srp68,3.5497439686469336,brown,brown,1
Hist1h4m,3.533043744945591,brown,brown,1
Gng13,3.52935925617217,brown,brown,1
Cyth1,3.5116369998412424,brown,brown,1
Pou6f2,3.5003402514593427,brown,brown,1
Sec23ip,3.4944305343189423,brown,brown,1
Cd200r1,3.4707160431747064,brown,brown,1
Ccdc24,3.4379673911438946,brown,brown,1
Snhg11,3.4028841139591766,brown,brown,1
Acly,3.364868066912864,brown,brown,1
LOC688869,3.362193349624039,brown,brown,1
Zfp384,3.3602821955055027,brown,brown,1
LOC102548847,3.3510229675827903,brown,brown,1
Mtch1,3.328203121207461,brown,brown,1
Ccna1,3.309920510986917,brown,brown,1
Zfp629,3.308862236459425,brown,brown,1
Rnasek,3.28020654635134,brown,brown,1
Cdc14b,3.2786362005524485,brown,brown,1
LOC288913,3.2729048952347926,brown,brown,1
Esrrg,3.267703025744886,brown,brown,1
E2f3,3.2652505546258035,brown,brown,1
Rps9,3.2601146022473664,brown,brown,1
Rgs4,3.255626583837382,brown,brown,1
Cebpg,3.2523395052333304,brown,brown,1
Stx18,3.2365816193177546,brown,brown,1
Plekhh2,3.2265286305031182,brown,brown,1
Mir23b,3.2220567306987737,brown,brown,1
Pip4k2c,3.214620283270228,brown,brown,1
Uvssa,3.2131917563792047,brown,brown,1
Zfp593,3.20909524804485,brown,brown,1
Tnpo2,3.2051669326628156,brown,brown,1
Bop1,3.1675022315159302,brown,brown,1
RT1-O1,3.1650489416147,brown,brown,1
Melk,3.157438846032024,brown,brown,1
Hpx,3.1178980175450444,brown,brown,1
Acd,3.100745993311349,brown,brown,1
Acot4,3.085722174202981,brown,brown,1
Bri3,3.083024890032158,brown,brown,1
Slc47a2,3.0620793315078805,brown,brown,1
Apoa1,3.0529451486310544,brown,brown,1
Cntn6,3.012531371759482,brown,brown,1
Slc41a2,2.9932540766734643,brown,brown,1
Ube2d4,2.9878508434371636,brown,brown,1
Ccl11,2.985782193037902,brown,brown,1
Vapb,2.9759787797455823,brown,brown,1
Hoxb3,2.9733640272683566,brown,brown,1
Sec14l5,2.9702986053313363,brown,brown,1
Ddx27,2.9592200711647765,brown,brown,1
Usp30,2.9407294833355277,brown,brown,1
Slc9b1,2.8650469637158813,brown,brown,1
Srprb,2.8602787719592926,brown,brown,1
Brap,2.8404527279653635,brown,brown,1
Nog,2.8352810657833145,brown,brown,1
Ankrd7,2.8211748474816654,brown,brown,1
Wwc2,2.8192772407103495,brown,brown,1
LOC690918,2.7993275137668303,brown,brown,1
Ptrhd1,2.7956163165502868,brown,brown,1
Crispld1,2.7298162164725186,brown,brown,1
Ankrd61,2.704611585670649,brown,brown,1
Krt86,2.6998599250004403,brown,brown,1
Pole2,2.6642839125929507,brown,brown,1
Numb,2.6634732640137746,brown,brown,1
B3gnt2,2.658125749366932,brown,brown,1
Rln1,2.651999279950477,brown,brown,1
Grb7,2.646945616900606,brown,brown,1
Traf1,2.6440032367243402,brown,brown,1
Dbndd1,2.6318468961984616,brown,brown,1
RGD1559683,2.6195800316768905,brown,brown,1
Cyp4f5,2.6103877694213335,brown,brown,1
Il22ra2,2.5820901357280617,brown,brown,1
Mtdh,2.5641858896429386,brown,brown,1
Ppcs,2.5626436461110664,brown,brown,1
Taf1b,2.55229380153069,brown,brown,1
Bhlha15,2.542606865769994,brown,brown,1
E4f1,2.5374127399501774,brown,brown,1
Neu2,2.517192958846056,brown,brown,1
RGD1563222,2.49237228052819,brown,brown,1
Cys1,2.484889013107919,brown,brown,1
Robo3,2.4658332124537985,brown,brown,1
Zfand2a,2.4300751614040554,brown,brown,1
Has1,2.405100019238796,brown,brown,1
Thap7,2.3878376575755307,brown,brown,1
Slc27a1,2.374441552520104,brown,brown,1
Sla2,2.3498848134962764,brown,brown,1
B3gntl1,2.3435189492037214,brown,brown,1
Arpp21,2.3390699087554205,brown,brown,1
Hs3st5,2.2959946086427854,brown,brown,1
Dyrk2,2.2879684924160353,brown,brown,1
Anks3,2.2872543135821695,brown,brown,1
Tonsl,2.2856699203753177,brown,brown,1
Coasy,2.2713106276046653,brown,brown,1
Loxhd1,2.2616213854120137,brown,brown,1
Krt34,2.2142991091643713,brown,brown,1
Rbms1,2.211247207364991,brown,brown,1
Adck5,2.1950873615648487,brown,brown,1
Sapcd2,2.176580977026906,brown,brown,1
Tmem223,2.154425996087582,brown,brown,1
Dhrs7,2.1031292297874913,brown,brown,1
Pelo,2.0454523479736593,brown,brown,1
Hist1h1t,2.0387423581922732,brown,brown,1
Ttpal,1.9938275531598477,brown,brown,1
LOC498122,1.9915729500039236,brown,brown,1
Inpp5a,1.9899304105851277,brown,brown,1
Pcdhb5,1.9815086401255688,brown,brown,1
Surf1,1.9601200069043203,brown,brown,1
Mir124-1,1.9286734101938585,brown,brown,1
Prss22,1.9203867918856272,brown,brown,1
LOC102723236,1.9041756537314873,brown,brown,1
Rbm45,1.9026592606923158,brown,brown,1
Keap1,1.8997095737646383,brown,brown,1
LOC100911664,1.8911600541521836,brown,brown,1
Cdcp1,1.8507271849897458,brown,brown,1
Ubqln2,1.8254789113497205,brown,brown,1
Dusp11,1.825408736053694,brown,brown,1
Usp10,1.8005067503469372,brown,brown,1
Krt9,1.7590432921889154,brown,brown,1
Cyp2s1,1.753200861999379,brown,brown,1
Wdr63,1.6483978183179735,brown,brown,1
Neu4,1.5783574987227995,brown,brown,1
Nr1h3,1.5780293388871418,brown,brown,1
Sox15,1.5647913947034369,brown,brown,1
Tnni3,1.5576050665456587,brown,brown,1
Tmem204,1.5327731963488234,brown,brown,1
